<?xml version="1.0" encoding="UTF-8"?>
<project-private xmlns="http://www.netbeans.org/ns/project-private/1">
    <editor-bookmarks xmlns="http://www.netbeans.org/ns/editor-bookmarks/2" lastBookmarkId="0"/>
    <open-files xmlns="http://www.netbeans.org/ns/projectui-open-files/2">
        <group>
            <file>file:/C:/Main/Bike_Rentalmain/src/java/control/registrationdao.java</file>
            <file>file:/C:/Main/Bike_Rentalmain/web/Bike.jsp</file>
            <file>file:/C:/Main/Bike_Rentalmain/web/Admin.jsp</file>
            <file>file:/C:/Main/Bike_Rentalmain/web/Customer.jsp</file>
            <file>file:/C:/Main/Bike_Rentalmain/web/adminlog.jsp</file>
            <file>file:/C:/Main/Bike_Rentalmain/src/java/control/Logindao.java</file>
            <file>file:/C:/Main/Bike_Rentalmain/web/Template.jsp</file>
            <file>file:/C:/Main/Bike_Rentalmain/web/header1.jsp</file>
            <file>file:/C:/Main/Bike_Rentalmain/web/header.jsp</file>
            <file>file:/C:/Main/Bike_Rentalmain/web/footer.jsp</file>
            <file>file:/C:/Main/Bike_Rentalmain/src/java/control/SessionServlet.java</file>
            <file>file:/C:/Main/Bike_Rentalmain/src/java/control/Register.java</file>
            <file>file:/C:/Main/Bike_Rentalmain/web/Login.jsp</file>
        </group>
    </open-files>
</project-private>
